[V0I8],[left],[0],[1]
[V0I8],[left],[1],[2]
[V0I8],[left],[2],[3]
[V0I8],[left],[3],[4]
[V0I8],[left],[4],[5]
[V0I8],[right],[0],[6]
[V0I8],[right],[1],[7]
[V0I8],[right],[2],[8]
[V0I8],[right],[3],[9]
[V0I8],[right],[4],[10]
[0C7O],[left],[0],[11]
[0C7O],[left],[1],[12]
[0C7O],[left],[2],[13]
[0C7O],[left],[3],[14]
[0C7O],[left],[4],[15]
[0C7O],[right],[0],[16]
[0C7O],[right],[1],[17]
[0C7O],[right],[2],[18]
[0C7O],[right],[3],[19]
[0C7O],[right],[4],[20]
[RAQF],[left],[0],[21]
[RAQF],[left],[1],[22]
[RAQF],[left],[2],[23]
[RAQF],[left],[3],[24]
[RAQF],[left],[4],[25]
[RAQF],[right],[0],[26]
[RAQF],[right],[1],[27]
[RAQF],[right],[2],[28]
[RAQF],[right],[3],[29]
[RAQF],[right],[4],[30]
[CO3J],[left],[0],[31]
[CO3J],[left],[1],[32]
[CO3J],[left],[2],[33]
[CO3J],[left],[3],[34]
[CO3J],[left],[4],[35]
[CO3J],[right],[0],[36]
[CO3J],[right],[1],[37]
[CO3J],[right],[2],[38]
[CO3J],[right],[3],[39]
[CO3J],[right],[4],[40]
[KU8S],[left],[0],[41]
[KU8S],[left],[1],[42]
[KU8S],[left],[2],[43]
[KU8S],[left],[3],[44]
[KU8S],[left],[4],[45]
[KU8S],[right],[0],[46]
[KU8S],[right],[1],[47]
[KU8S],[right],[2],[48]
[KU8S],[right],[3],[49]
[KU8S],[right],[4],[50]
